{"a980334473": {"R": [[0.99986732006073, 0.016289977356791496, 0.0002012635231949389], [-0.016289295628666878, 0.999862790107727, -0.0030227205716073513], [-0.0002504759468138218, 0.0030190409161150455, 0.9999954700469971]], "t": [-1.8437765836715698, -1.1211692094802856, -1.4577785730361938], "s": [3.5061099529266357, 1.6828498840332031, 2.677365779876709]}, "bde1e479ad": {"R": [[0.9907682538032532, 0.13556668162345886, 0.00013802961620967835], [-0.13556653261184692, 0.9907679557800293, -0.0007978930370882154], [-0.00024492302327416837, 0.0007718148990534246, 0.9999997019767761]], "t": [-4.730250358581543, -4.051913738250732, -1.7619080543518066], "s": [7.351914405822754, 7.32705545425415, 3.2795536518096924]}, "c4c04e6d6c": {"R": [[0.999913215637207, 0.01313923578709364, 0.0009710753220133483], [-0.013139764778316021, 0.9999135732650757, 0.0005412855534814298], [-0.0009638792253099382, -0.0005539982230402529, 0.9999994039535522]], "t": [-4.996119022369385, -3.7388792037963867, -1.6791597604751587], "s": [9.454187393188477, 7.056815147399902, 3.019216299057007]}, "f3d64c30f8": {"R": [[0.9986910223960876, 0.05102428048849106, -0.003561589168384671], [-0.05101687088608742, 0.9986954927444458, 0.0021413154900074005], [0.0036662020720541477, -0.0019568114075809717, 0.9999913573265076]], "t": [-2.9822449684143066, -2.296398878097534, -1.991445541381836], "s": [5.249260902404785, 4.298739910125732, 3.7547216415405273]}, "c49a8c6cff": {"R": [[0.9717657566070557, 0.23594525456428528, 0.001075461390428245], [-0.23594750463962555, 0.9717608094215393, 0.0031300033442676067], [-0.0003065818455070257, -0.0032953822519630194, 0.9999945163726807]], "t": [-2.4655909538269043, -1.4247214794158936, -1.3153254985809326], "s": [3.452191114425659, 3.147010564804077, 2.412691116333008]}, "31a2c91c43": {"R": [[0.8538364768028259, -0.5205413103103638, 0.00016077043255791068], [0.5205411314964294, 0.8538358211517334, -0.001164356479421258], [0.0004688240587711334, 0.0010778575669974089, 0.9999992847442627]], "t": [-0.5179389119148254, -2.192828416824341, -1.207489013671875], "s": [2.347764730453491, 2.179334878921509, 2.3204121589660645]}, "f9f95681fd": {"R": [[0.9355404376983643, 0.35319784283638, -0.003915988840162754], [-0.353208065032959, 0.9355419874191284, -0.0023104290012270212], [0.002847533207386732, 0.0035446586553007364, 0.9999896883964539]], "t": [-1.5230798721313477, -0.5128005146980286, -1.210315465927124], "s": [1.6952357292175293, 1.9891631603240967, 2.377537488937378]}, "c50d2d1d42": {"R": [[0.9885824918746948, -0.1506798267364502, 0.00046709959860891104], [0.15067973732948303, 0.9885826110839844, 0.00022019603056833148], [-0.0004949456197209656, -0.00014729950635228306, 0.9999998807907104]], "t": [-2.2572336196899414, -2.616529941558838, -1.6857235431671143], "s": [4.756418228149414, 3.614686965942383, 3.3004562854766846]}, "45b0dac5e3": {"R": [[0.9987131953239441, 0.05070872977375984, -0.0007435976294800639], [-0.050708215683698654, 0.9987133145332336, 0.0006915944395586848], [0.0007777106948196888, -0.0006529980455525219, 0.9999995231628418]], "t": [-1.7038366794586182, -0.9896945953369141, -1.259246826171875], "s": [3.11506724357605, 1.8219525814056396, 2.435406446456909]}, "7b6477cb95": {"R": [[0.9882276058197021, -0.15299063920974731, -0.00028902440681122243], [0.15299075841903687, 0.9882274866104126, 0.000437185080954805], [0.0002187366335419938, -0.0004762564494740218, 0.9999998807907104]], "t": [-2.2682907581329346, -2.611696481704712, -1.7274854183197021], "s": [4.780816555023193, 3.6282711029052734, 3.3010637760162354]}}