{"5eb31827b7": {"R": [[0.999927818775177, -0.012012931518256664, -0.00012529031664598733], [0.012012699618935585, 0.9999263882637024, -0.0017099607503041625], [0.0001458227343391627, 0.0017083323327824473, 0.9999985694885254]], "t": [-2.7540812492370605, -1.3667916059494019, -1.5588371753692627], "s": [5.362954139709473, 2.564805030822754, 2.808314561843872]}, "3e8bba0176": {"R": [[0.9929118752479553, 0.11885163933038712, 0.000605021370574832], [-0.11885092407464981, 0.9929114580154419, -0.001117819338105619], [-0.0007335873087868094, 0.0010379886953160167, 0.9999992251396179]], "t": [-2.7826972007751465, -1.7958903312683105, -1.727534532546997], "s": [4.689981937408447, 3.6231069564819336, 3.3065707683563232]}, "e398684d27": {"R": [[0.998578667640686, 0.05328834056854248, -0.0010173326591029763], [-0.05328802764415741, 0.9985791444778442, 0.00033177732257172465], [0.001033567008562386, -0.0002770940773189068, 0.9999994039535522]], "t": [-1.8537871837615967, -1.2569419145584106, -2.196587324142456], "s": [3.254631996154785, 2.5508105754852295, 4.1924824714660645]}, "13c3e046d7": {"R": [[0.9956434965133667, -0.09323786944150925, -0.0008901391993276775], [0.0932367742061615, 0.9956432580947876, -0.0012000208953395486], [0.000998148461803794, 0.0011117991525679827, 0.999998927116394]], "t": [-3.4476499557495117, -2.3487625122070312, -1.4369784593582153], "s": [6.930323600769043, 3.244762659072876, 2.732717752456665]}, "1ada7a0617": {"R": [[0.984915018081665, 0.17302833497524261, 0.0019055712036788464], [-0.1730254590511322, 0.984916090965271, -0.0015757239889353514], [-0.00214947247877717, 0.0012222419027239084, 0.9999969601631165]], "t": [-3.05002760887146, -1.7123498916625977, -1.7413240671157837], "s": [4.7506561279296875, 3.624591112136841, 3.293490409851074]}, "3864514494": {"R": [[0.999626100063324, -0.027332987636327744, 0.000747699465136975], [0.027332434430718422, 0.9996261596679688, 0.0007404094212688506], [-0.0007676574750803411, -0.0007196961087174714, 0.999999463558197]], "t": [-2.4470067024230957, -1.0886470079421997, -1.3315821886062622], "s": [4.878733158111572, 1.7352606058120728, 2.529780626296997]}, "f2dc06b1d2": {"R": [[0.9968522191047668, -0.07928178459405899, -0.0003635816683527082], [0.07928087562322617, 0.9968502521514893, -0.0020613574888557196], [0.000525864539667964, 0.00202604359947145, 0.9999978542327881]], "t": [-1.7333940267562866, -1.325755000114441, -1.3808528184890747], "s": [3.5162551403045654, 1.6859002113342285, 2.671987533569336]}, "9071e139d9": {"R": [[0.9996262192726135, 0.027337921783328056, 0.00021917812409810722], [-0.02733815461397171, 0.999625563621521, 0.0011342412326484919], [-0.00018808826280292124, -0.0011398092610761523, 0.9999993443489075]], "t": [-5.066011428833008, -2.2730658054351807, -1.493039608001709], "s": [9.641778945922852, 4.396576404571533, 2.7257919311523438]}, "7831862f02": {"R": [[0.9992021322250366, -0.03993605822324753, -0.00043352629290893674], [0.0399366095662117, 0.999201238155365, 0.0013552717864513397], [0.0003790558548644185, -0.0013715040404349566, 0.9999989867210388]], "t": [-3.744108200073242, -3.209167242050171, -1.7021615505218506], "s": [7.428371429443359, 5.907219409942627, 3.1084976196289062]}, "21d970d8de": {"R": [[0.9717316031455994, -0.23608845472335815, 0.0001406992378178984], [0.23608815670013428, 0.9717310070991516, 0.0011080438271164894], [-0.0003983181086368859, -0.001043503638356924, 0.9999994039535522]], "t": [-3.2214322090148926, -5.59739875793457, -1.7799321413040161], "s": [7.349973678588867, 7.390687942504883, 3.2839159965515137]}, "acd95847c5": {"R": [[0.9998719096183777, 0.015941500663757324, -0.0014480599202215672], [-0.015943441540002823, 0.999872088432312, -0.0013395174173638225], [0.001426520524546504, 0.0013624327257275581, 0.9999980926513672]], "t": [-2.461822271347046, -1.931541085243225, -1.4909635782241821], "s": [4.700132369995117, 3.6196234226226807, 2.7760393619537354]}, "b0a08200c9": {"R": [[0.9999210238456726, -0.012335920706391335, 0.002416097791865468], [0.01232951506972313, 0.9999205470085144, 0.0026485128328204155], [-0.002448577433824539, -0.00261851423420012, 0.999993622303009]], "t": [-2.4796221256256104, -1.0349087715148926, -1.6611443758010864], "s": [4.79783296585083, 1.6735196113586426, 3.3041999340057373]}, "825d228aec": {"R": [[0.9998648762702942, -0.016414709389209747, 0.000893358257599175], [0.01641659624874592, 0.9998629689216614, -0.002148077357560396], [-0.0008579756831750274, 0.0021624532528221607, 0.9999973177909851]], "t": [-1.767983317375183, -1.185418725013733, -1.3893707990646362], "s": [3.490661859512329, 1.697601079940796, 2.689507484436035]}, "d755b3d9d8": {"R": [[0.9985546469688416, 0.053746141493320465, 0.0001592534244991839], [-0.05374627932906151, 0.9985541105270386, 0.0010538398055359721], [-0.00010238332470180467, -0.0010608758311718702, 0.999999463558197]], "t": [-2.6034059524536133, -1.7852729558944702, -1.80304753780365], "s": [4.488208293914795, 3.4531216621398926, 3.464171886444092]}, "c5439f4607": {"R": [[0.9998288750648499, 0.018497910350561142, 0.0001990656164707616], [-0.01849772408604622, 0.9998284578323364, -0.0008987835026346147], [-0.0002156570990337059, 0.0008949475013650954, 0.9999995827674866]], "t": [-3.5048561096191406, -1.7749321460723877, -1.612023949623108], "s": [6.8070878982543945, 3.444521188735962, 3.0022947788238525]}, "3f15a9266d": {"R": [[0.9989185929298401, 0.04647275432944298, -0.0014065166469663382], [-0.04647551849484444, 0.9989174008369446, -0.001998612657189369], [0.0013121130177751184, 0.00206182012334466, 0.9999970197677612]], "t": [-2.0818817615509033, -1.5792832374572754, -1.351441740989685], "s": [3.715848207473755, 3.0413475036621094, 2.4825029373168945]}, "bcd2436daf": {"R": [[0.9896115660667419, 0.1437668353319168, 0.0001152610348071903], [-0.14376680552959442, 0.9896098375320435, 0.0018381007248535752], [0.00015019446436781436, -0.0018355764914304018, 0.9999983310699463]], "t": [-2.441535234451294, -1.5365419387817383, -1.2344026565551758], "s": [3.9319863319396973, 3.03645658493042, 2.4153006076812744]}, "5ee7c22ba0": {"R": [[0.9988929033279419, -0.046928614377975464, 0.0032721308525651693], [0.0469292588531971, 0.9988982081413269, -0.00011966787133133039], [-0.003262910060584545, 0.00027309407596476376, 0.9999946355819702]], "t": [-1.455518364906311, -1.4057470560073853, -1.3261134624481201], "s": [2.9190239906311035, 2.308725357055664, 2.501786947250366]}}